<?xml version="1.0" encoding="UTF-8"?>
<beans xmlns="http://www.springframework.org/schema/beans"
	xmlns:xsi="http://www.w3.org/2001/XMLSchema-instance" xmlns:context="http://www.springframework.org/schema/context"
	xmlns:jdbc="http://www.springframework.org/schema/jdbc" xmlns:tx="http://www.springframework.org/schema/tx" xmlns:jpa="http://www.springframework.org/schema/data/jpa"
	xsi:schemaLocation="http://www.springframework.org/schema/jdbc http://www.springframework.org/schema/jdbc/spring-jdbc-3.0.xsd
		http://www.springframework.org/schema/beans http://www.springframework.org/schema/beans/spring-beans-3.0.xsd
		http://www.springframework.org/schema/tx http://www.springframework.org/schema/tx/spring-tx-3.0.xsd
		http://www.springframework.org/schema/data/jpa http://www.springframework.org/schema/data/jpa/spring-jpa.xsd
		http://www.springframework.org/schema/context http://www.springframework.org/schema/context/spring-context-3.0.xsd">

	<description>Spring configuration.</description>

	<!-- <context:component-scan base-package="gr.ekt.r2rml" /> -->
	
	<bean id="util" class="gr.ekt.r2rml.beans.UtilImpl" />
	
	<bean id="db" class="gr.ekt.r2rml.beans.DatabaseImpl">
		<constructor-arg value="r2rml.properties" />
		<property name="util" ref="util" />
	</bean>
	
	<bean id="parser" class="gr.ekt.r2rml.beans.Parser">
		<constructor-arg value="r2rml.properties" />
		<property name="db" ref="db" />
		<property name="util" ref="util" />
	</bean>
	
	<bean id="generator" class="gr.ekt.r2rml.beans.Generator">
		<property name="db" ref="db" />
		<property name="util" ref="util" />
	</bean>
	
</beans>
